chapter,question_number,question,option_a,option_b,option_c,option_d,correct_answer,explanation
Chapter 1: Fundamentals of Testing,1,Which of the following is a common objective of testing?,To prove that the software has no defects,To prevent defects in later lifecycle phases,To guarantee that the software works correctly in all situations,To replace quality assurance activities,B,"Testing aims to find defects, gain confidence about quality, and prevent defects. Option A is wrong because testing cannot prove the absence of defects. Option C is wrong because exhaustive testing is impossible. Option D is wrong because testing supports QA but does not replace it."
Chapter 1: Fundamentals of Testing,2,Which statement about the seven testing principles is correct?,Exhaustive testing is possible with automated tools,Testing should start only after the code is written,Defects tend to cluster in certain modules,Testing is most effective when done by the developer,C,The principle of defect clustering states that a small number of modules usually contain most defects. Option A contradicts the principle that exhaustive testing is impossible. Option B contradicts early testing. Option D contradicts the principle of independence.
Chapter 1: Fundamentals of Testing,3,What is the difference between debugging and testing?,Debugging finds failures; testing finds defects,Testing finds failures; debugging finds and fixes defects,Debugging is performed by testers; testing by developers,There is no difference between them,B,Testing executes code to find failures. Debugging analyzes failures to find and fix the root cause (defect). Option A reverses the roles. Option C is wrong because developers debug and testers test (though roles can overlap). Option D is incorrect as they are distinct activities.
Chapter 1: Fundamentals of Testing,4,Which of the following best describes the test process?,"Planning, design, execution, completion","Analysis, design, implementation, execution, completion","Test planning, test design, test execution, test closure","Test analysis, test design, test implementation, test execution, test completion",D,"The ISTQB CTFL 4.0 test process has five phases: test analysis, test design, test implementation, test execution, and test completion. Options A, B, and C are incomplete or use outdated terminology."
Chapter 1: Fundamentals of Testing,5,Which test level focuses on individual components in isolation?,Integration testing,System testing,Component testing,Acceptance testing,C,Component testing (unit testing) tests individual components in isolation. Integration testing (A) tests interactions between components. System testing (B) tests the whole system. Acceptance testing (D) validates the system against user requirements.
Chapter 1: Fundamentals of Testing,6,Which of the following is a type of functional testing?,Performance testing,Usability testing,Regression testing,Security testing,C,"Functional testing evaluates behavior against functional requirements. Regression testing verifies that changes have not broken existing functionality, which is functional. Options A, B, and D are non-functional testing types."
Chapter 1: Fundamentals of Testing,7,What is the main purpose of confirmation testing?,To verify that a defect fix has resolved the issue,To verify that a fix has not introduced new defects,To test new functionality,To test system performance,A,Confirmation testing (re-testing) verifies that a defect fix actually resolved the reported failure. Option B describes regression testing. Options C and D describe other test types.
Chapter 2: Testing Throughout the SDLC,8,Which model emphasizes testing as a continuous activity throughout development?,Waterfall model,V-model,Agile model,Big Bang model,C,"In Agile, testing is continuous and integrated into every iteration. The V-model (B) has defined test levels but testing is still sequential. Waterfall (A) treats testing as a separate phase. Big Bang (D) has no structured testing approach."
Chapter 2: Testing Throughout the SDLC,9,"In the V-model, which test level corresponds to system design?",Component testing,Integration testing,System testing,Acceptance testing,C,"In the V-model, system testing corresponds to system design (the right side of the V). Component testing (A) corresponds to detailed design. Integration testing (B) corresponds to architectural design. Acceptance testing (D) corresponds to requirements."
Chapter 2: Testing Throughout the SDLC,10,What is the primary purpose of regression testing?,To test that the system meets new requirements,To verify that changes have not introduced new defects in unchanged code,To test the system under load,To verify that the user interface is intuitive,B,"Regression testing verifies that changes (fixes, new features) have not broken existing functionality. Option A describes functional testing. Option C describes performance testing. Option D describes usability testing."
Chapter 2: Testing Throughout the SDLC,11,Which of the following is a characteristic of a good test?,It always finds a defect,It is designed to pass in all circumstances,It has a high probability of finding a defect,It is executed only once,C,A good test has a high probability of finding defects that have not yet been found. Option A is wrong because not all tests find defects. Option B is wrong because tests should be designed to find failures. Option D is wrong because tests are often re-executed in regression.
Chapter 2: Testing Throughout the SDLC,12,Which test type evaluates the system's ability to handle future growth?,Performance testing,Maintainability testing,Portability testing,Reliability testing,B,Maintainability testing evaluates how easily the system can be modified for future changes. Performance testing (A) evaluates speed and scalability. Portability testing (C) evaluates the ability to run in different environments. Reliability testing (D) evaluates failure-free operation.
Chapter 3: Static Testing,13,What is static testing?,Testing that does not execute the code,Testing that runs the code without dynamic input,Testing performed by static analysis tools only,Testing that focuses on static UI elements,A,"Static testing evaluates the code or documentation without executing the code. It includes reviews and static analysis. Options B, C, and D are incorrect definitions."
Chapter 3: Static Testing,14,Which of the following is a benefit of formal reviews?,They are faster than informal reviews,They do not require preparation,They provide measurable results and follow a defined process,They eliminate the need for dynamic testing,C,"Formal reviews follow a structured process with defined roles, entry/exit criteria, and measurable outcomes. Option A is wrong because formal reviews are more time-consuming. Option B is wrong because preparation is required. Option D is wrong because static testing complements but does not replace dynamic testing."
Chapter 3: Static Testing,15,"In a formal review, what is the role of the moderator?",To write the review report,To facilitate the review process and ensure it follows the rules,To find the most defects in the document,To fix the defects found during the review,B,"The moderator (facilitator) leads the review process, schedules meetings, and ensures the review follows its procedures. The scribe (A) writes the report. The reviewer (C) finds defects. The author (D) fixes defects after the review."
Chapter 3: Static Testing,16,Which static analysis tool type detects unused variables and unreachable code?,Style checkers,Code metrics tools,Compiler warnings,Static code analyzers,D,"Static code analyzers detect issues like unused variables, unreachable code, and potential defects. Style checkers (A) enforce coding conventions. Code metrics tools (B) measure complexity. Compiler warnings (C) catch basic syntax and type errors."
Chapter 4: Test Analysis and Design,17,Which test design technique derives test cases from the specification?,White-box testing,Black-box testing,Experience-based testing,Mutation testing,B,Black-box testing derives test cases from specifications and requirements without looking at internal code. White-box testing (A) uses code structure. Experience-based testing (C) uses tester knowledge. Mutation testing (D) is a white-box technique.
Chapter 4: Test Analysis and Design,18,How many boundary value tests are needed (2-value BVA)?,3,4,6,8,B,"With 2-value BVA, each boundary between partitions gets two test values: the boundary value and its nearest neighbor in the adjacent partition. There are two boundaries — at 1 (test 0 and 1) and at 100 (test 100 and 101). That gives 4 tests: 0, 1, 100, 101. Testing 2 and 99 as well would be 3-value BVA, a different variant."
Chapter 4: Test Analysis and Design,19,Which of the following is a structure-based (white-box) test technique?,Equivalence partitioning,Decision table testing,Statement testing,Error guessing,C,Statement testing is a structure-based technique that requires executing every statement at least once. Equivalence partitioning (A) and decision table testing (B) are black-box techniques. Error guessing (D) is experience-based.
Chapter 4: Test Analysis and Design,20,What is 100% statement coverage?,Every path in the code has been executed,Every statement in the code has been executed at least once,Every decision has been evaluated as true and false,Every condition has been evaluated independently,B,100% statement coverage means every executable statement has been executed at least once. Option A describes 100% path coverage. Option C describes 100% decision coverage. Option D describes 100% modified condition/decision coverage.
Chapter 4: Test Analysis and Design,21,How many test cases are needed for 100% coverage of this decision table?,2,3,4,8,C,"Each rule in the decision table represents one test case. There are 4 rules, so 4 test cases are needed for full coverage. Each rule covers a unique combination of conditions."
Chapter 4: Test Analysis and Design,22,Which experience-based test technique uses failure experience to guide testing?,Exploratory testing,Error guessing,Checklist-based testing,State transition testing,B,"Error guessing uses the tester's experience with where defects tend to occur. Exploratory testing (A) simultaneously learns, designs, and executes tests. Checklist-based testing (C) uses a high-level list. State transition testing (D) is a black-box technique, not experience-based."
Chapter 4: Test Analysis and Design,23,What is the main difference between state transition testing and use case testing?,State transition testing is white-box; use case testing is black-box,State transition testing models system states; use case testing models user interactions,State transition testing is for unit testing; use case testing is for system testing,There is no difference,B,State transition testing models the system's states and transitions between them. Use case testing models user interactions with the system from start to finish. Both are black-box techniques.
Chapter 5: Test Management,24,What is the primary responsibility of a test leader (test manager)?,To write and execute test cases,"To plan, monitor, and control the test process",To fix defects found during testing,To design the system architecture,B,"The test manager plans the test approach, monitors progress, controls the test process, and reports results. Testers (A) write and execute tests. Developers (C) fix defects. Architects (D) design the system."
Chapter 5: Test Management,25,Which of the following is a typical entry criterion for test execution?,All test cases have been executed,Test environment is ready and test data is available,All defects have been fixed,The test report has been written,B,"Entry criteria for test execution include a ready test environment, available test data, and test cases being ready. Option A is an exit criterion. Option C is unrealistic and not an entry criterion. Option D is a completion activity."
Chapter 5: Test Management,26,What is the purpose of a test plan?,To document the test strategy for the entire organization,"To describe the scope, approach, resources, and schedule of testing activities",To list all defects found during testing,To describe the technical design of the test framework,B,"A test plan describes the scope, approach, resources, and schedule of intended testing activities. Option A describes a test strategy (organizational level). Option C describes a defect report. Option D describes a test architecture document."
Chapter 5: Test Management,27,Which metric measures the percentage of planned tests that have been executed?,Defect density,Test coverage,Test execution progress,Defect fix rate,C,Test execution progress measures the percentage of planned tests executed. Test coverage (B) measures the extent to which the code or requirements have been tested. Defect density (A) measures defects per unit size. Defect fix rate (D) measures how quickly defects are fixed.
Chapter 5: Test Management,28,What is the difference between a defect and a failure?,A defect is a human error; a failure is a system crash,A defect is an anomaly in the code; a failure is the observed incorrect behavior,A defect is always found by the customer; a failure is found by the tester,There is no difference,B,"A defect (bug, fault) is an anomaly in the code or documentation. A failure is the observed incorrect behavior when the defect is executed. A human error causes a defect. Not all defects cause failures."
Chapter 5: Test Management,29,Which configuration management activity ensures that all test artifacts are version-controlled?,Test planning,Test execution,Configuration identification and control,Defect tracking,C,"Configuration management identifies, controls, and tracks versions of all artifacts (test cases, test data, code, documentation). Options A, B, and D are testing activities, not configuration management activities."
Chapter 6: Test Tools,30,Which type of test tool is best suited for executing a large number of regression tests?,Test management tool,Test execution tool,Performance testing tool,Static analysis tool,B,"Test execution tools (automation tools) run tests automatically, making them ideal for regression suites that need to be re-executed frequently. Test management tools (A) manage test artifacts. Performance testing tools (C) test load and stress. Static analysis tools (D) analyze code without execution."
Chapter 6: Test Tools,31,What is a potential risk of using test tools?,Tools always improve testing quality,Tools may create unrealistic expectations about testing outcomes,Tools eliminate the need for manual testing,Tools are free and require no maintenance,B,Tools can create unrealistic expectations that automation will solve all testing problems. Option A is wrong because tools do not always improve quality. Option C is wrong because manual testing is still needed. Option D is wrong because tools cost money and require maintenance.
Chapter 6: Test Tools,32,"Which tool supports traceability between requirements, test cases, and defects?",Performance testing tool,Test management tool,Static analysis tool,Coverage tool,B,"Test management tools maintain traceability between requirements, test cases, and defects. Performance testing tools (A) measure system performance. Static analysis tools (C) analyze code. Coverage tools (D) measure code coverage."
Chapter 6: Test Tools,33,What is the primary benefit of a CI/CD pipeline for testing?,It eliminates all testing,It enables continuous testing and early defect detection,It replaces the need for test plans,It guarantees zero defects in production,B,"CI/CD pipelines enable continuous testing, detecting defects early when they are cheaper to fix. Option A is wrong because testing is essential in CI/CD. Option C is wrong because test plans are still needed. Option D is impossible to guarantee."
Mixed Questions,34,Which testing principle suggests that testing should be focused on areas where defects are likely?,Pesticide paradox,Defect clustering,Absence of errors fallacy,Testing shows presence of defects,B,Defect clustering states that most defects are found in a few modules. Testing should focus on these areas. The pesticide paradox (A) says tests lose effectiveness over time. Absence of errors fallacy (C) says finding and fixing defects does not guarantee the system meets user needs.
Mixed Questions,35,A tester finds a defect and reports it. The developer fixes it. The tester re-executes the failed test to confirm the fix. What type of testing is this?,Regression testing,Confirmation testing,Smoke testing,Sanity testing,B,Confirmation testing (re-testing) verifies that a specific defect fix resolved the issue by re-executing the test that originally failed. Regression testing (A) verifies the fix did not break other functionality.
Mixed Questions,36,Which of the following is an exit criterion for testing?,Test environment is ready,All planned tests have been executed,Test cases have been written,The test plan has been approved,B,"Exit criteria define when testing is complete. ""All planned tests executed"" is a common exit criterion. Options A, C, and D are entry criteria or pre-test activities."
Mixed Questions,37,What is exploratory testing?,Testing where tests are designed in advance and executed one step at a time,"Testing where the tester simultaneously learns, designs, and executes tests",Testing that only uses automated tools,Testing that focuses on the system's user interface,B,"Exploratory testing is a concurrent approach where the tester learns the system, designs tests, and executes them simultaneously. It relies on the tester's skill and intuition. Option A describes scripted testing."
Mixed Questions,38,Which of the following factors should be considered when selecting a test design technique?,The tester's personal preference only,"The type of system, customer requirements, and risk level",The programming language used,The operating system of the test machine,B,"Test design technique selection depends on the system type, customer/regulatory requirements, risk level, and available documentation. Options A, C, and D are not primary factors."
Mixed Questions,39,What is the main advantage of risk-based testing?,It guarantees all defects will be found,"It prioritizes testing effort based on risk, optimizing resource use",It eliminates the need for test planning,It requires no test documentation,B,"Risk-based testing prioritizes testing on areas with the highest risk, ensuring that limited resources are used where they provide the most value. Option A is impossible. Options C and D are wrong because planning and documentation are still needed."
Mixed Questions,40,Which of the following is NOT a role in a formal review?,Author,Moderator,Compiler,Reviewer,C,"The roles in a formal review are: manager, moderator, author, reviewer, and scribe. ""Compiler"" is not a review role. The compiler is a software tool, not a review participant."
